created_at,card_id,name,rarity,description,power_hp,torque_nm,max_speed_kmh,weight_t,make,model,year,acceleration_0_100,power_kw,cylinder,engine_size,boost,id,legacy_id,country_code
2025-09-02 14:39:16.204046+00,8ab5b886-4cee-49a4-b7b8-1202fa77648a,,,Acura ILX 2.0,150,,,,Acura,ILX 2.0,2013,,111.9,4.0,2.0 I4,NA,01e3abe4-6e82-4722-b286-a39eb36f727b,,🇯🇵
2025-09-02 14:39:16.204046+00,c5dc0a11-2ee1-4e99-ac71-e2a5e8360edb,,,Acura TLX 2.0T,272,380.0,,,Acura,TLX 2.0T,2023,6.1,202.8,4.0,2.0 I4 Turbo,Turbo,0227615b-a632-4993-a166-183808e91684,,🇯🇵
2025-09-02 14:39:16.204046+00,32f2b4b5-8e2a-4e3e-8313-01986f12e193,,,Acura MDX (1st gen) 3.5,240,,,,Acura,MDX 3.5,2001,,179.0,6.0,3.5 V6,NA,053ce51c-35b6-44ba-98bb-00d9c1bbc60d,,🇯🇵
2025-09-02 14:39:16.204046+00,48ff7c4c-1b0f-4ec5-809f-344767f78187,,,Acura TLX 2.0T,272,380.0,,,Acura,TLX 2.0T,2022,6.1,202.8,4.0,2.0 I4 Turbo,Turbo,05a4d982-9f34-4f7c-8bda-71def784c0aa,,🇯🇵
2025-09-02 14:39:16.204046+00,e754c261-6420-4413-9d08-898fbded23bc,,,Acura TSX 2.4,201,233.0,,,Acura,TSX 2.4,2008,7.6,149.9,4.0,2.4 I4,NA,06a96c33-5d66-4f58-8ee3-51a6d8db1dad,,🇯🇵
2025-05-14 15:13:28.852279+00,23d61b6a-0973-422f-8a9e-3f9e5cc738b1,Alfa Romeo Stelvio Quadrifoglio,Epic,Stelvio Quadrifoglio,505,600,283,1830,Alfa Romeo,Stelvio Quadrifoglio,2021,3.6,375,V6,2891,BiTurbo,094e0a8e-22d7-4d07-bae0-73f117c430c0,2,🇮🇹
2025-09-02 14:39:16.204046+00,63709fc7-8619-4b7c-952d-2b00da9f128c,,,Acura TSX V6 (CU2),280,344.0,,,Acura,TSX V6,2010,6.5,208.8,6.0,3.5 V6,NA,0a40c4bc-c5b0-4536-9453-cd8538e53853,,🇯🇵
2025-09-02 14:39:16.204046+00,f51a6c8e-02f7-4757-86a1-13f04bdac3bf,,,Acura RDX 2.0T,272,380.0,,,Acura,RDX 2.0T,2020,,202.8,4.0,2.0 I4 Turbo,Turbo,0ceb5d25-8836-4809-b61f-bd6327c23069,,🇯🇵
2025-09-02 14:39:16.204046+00,a29f20a6-f7d2-4151-b75c-61aef23e35c6,,,Acura ZDX Type S (EV),500,,,,Acura,ZDX Type S (EV),2025,4.9,372.9,,Electric,EV,0f62108a-3d38-4b10-95dc-7ece45bb9a99,,🇯🇵
2025-05-15 05:09:22.747171+00,3d223cf3-1064-4890-b11e-82c42d79defa,164,,,,,,,Alfa Romeo,164,1995,,,,,,0fb31ca2-d2b7-4000-a7e7-8429c0b9620d,17,🇮🇹
2025-09-02 14:39:16.204046+00,7d341ba5-fe28-4cbd-bfea-92bc0e4bd5a7,,,Acura NSX (facelift) 3.2,290,412.16319999999996,,1.43,Acura,NSX 3.2 Facelift,2002,,216.3,6.0,3.2 V6,NA,10fb144d-91b8-4c20-80c9-7101fbc2b38a,,🇯🇵
2025-03-26 13:02:33.598207+00,43f15542-3753-46b5-9e20-756e2342e61b,F50,Legend,Ferrari F50,520,471,325,1230,Ferrari,F50,1995,3.9,382,V12,4698,N/A,119e018e-303b-4fb1-892b-f93849412373,2,🇮🇹
2025-09-02 14:39:16.204046+00,43e0bf21-74bb-4f4b-bfed-2ca93e6226a7,,,Acura TLX 2.4 (1st gen),206,247.0,,,Acura,TLX 2.4,2015,7.3,153.6,4.0,2.4 I4,NA,13abe399-ae1c-41ac-8f97-d5ac8045baba,,🇯🇵
2025-05-15 05:09:22.746899+00,34a8d815-2d6f-4ad6-863a-8c36ceb84058,Stelvio,Uncommon,,520,600,285,1850,Alfa Romeo,Stelvio Quadrifoglio,2023,3.8,382,V6,2891,BiTurbo,19010f5b-8f36-4f07-837f-cb4938ff7bea,2,🇮🇹
2025-09-02 14:39:16.204046+00,5a294f72-7652-4135-a983-9cbe833199e0,,,Acura TLX 2.0T,272,380.0,,,Acura,TLX 2.0T,2023,6.1,202.8,4.0,2.0 I4 Turbo,Turbo,1ae56113-63c9-424e-b273-968c90585722,,🇯🇵
2025-09-02 14:39:16.204046+00,1ad5ae80-265b-4fde-81a1-73a20d7a261d,,,Acura TLX 2.0T,272,380.0,,,Acura,TLX 2.0T,2023,6.1,202.8,4.0,2.0 I4 Turbo,Turbo,1d0ce38f-0b7d-43d6-8d7c-549591354a70,,🇯🇵
2025-09-02 14:39:16.204046+00,95f3bb99-7d11-4b1f-a86b-9eda9955ecaa,,,Acura TLX 2.0T,272,380.0,,,Acura,TLX 2.0T,2023,6.1,202.8,4.0,2.0 I4 Turbo,Turbo,1f5d0b96-4fa3-40c8-a21c-b39802322261,,🇯🇵
2025-09-02 14:39:16.204046+00,fa65dce9-14b9-4e19-abb1-f03bc40a5d80,,,Acura TSX V6,280,344.0,,,Acura,TSX V6,2012,6.5,208.8,6.0,3.5 V6,NA,1fd83a82-47ff-49fe-913b-f8d6636303d9,,🇯🇵
2025-09-02 14:39:16.204046+00,15774949-fcdd-405e-bdb2-43abf91de049,,,Acura TL 3.5,280,,,,Acura,TL 3.5,2012,6.2,208.8,6.0,3.5 V6,NA,20d1f32d-d9d8-4133-96bb-43c78f646b60,,🇯🇵
2025-09-02 14:39:16.204046+00,8bcadc26-55d8-4b4e-804c-f442eca4da32,,,Acura TLX 2.0T,272,380.0,,,Acura,TLX 2.0T,2023,6.1,202.8,4.0,2.0 I4 Turbo,Turbo,20e4348c-63b6-4ac8-84e2-a067e08d0f83,,🇯🇵
2025-09-02 14:39:16.204046+00,d877ec70-03d3-4a57-957a-8d41bb933a07,,,Acura NSX NA1 3.0 automatic,252,386.40299999999996,,,Acura,NSX NA1 3.0 AT,1991,,187.9,6.0,3.0 V6,NA,22a10382-894e-492f-9b53-8fbea046ee36,,🇯🇵
2025-09-02 14:39:16.204046+00,4368814a-41ab-4ea3-848d-2d42fcaddbac,,,Acura NSX NA2 3.2 manual,290,412.16319999999996,,1.43,Acura,NSX NA2 3.2 MT,1997,5.7,216.3,6.0,3.2 V6,NA,235e41fe-f2b9-4317-87a8-cc3f4b195a10,,🇯🇵
2025-08-20 13:27:18.43611+00,ceaf4a1f-82de-41ea-8fdb-ba72b22a490a,Alfa romeo spider,Uncommon,,218,265,235,1420,Alfa romeo,Spider,2000,6.8,160,V6,2959,N/A,24b770dd-2a70-4b05-9863-58dd0cfd31ec,,🇮🇹
2025-09-02 14:39:16.204046+00,b0c8cddd-4a86-41d2-be43-799cf980270f,,,Acura RLX (KC1),310,368.0,,,Acura,RLX,2014,6.5,231.2,6.0,3.5 V6,NA,24cad7f3-057e-4ad9-b015-3f4b531b4462,,🇯🇵
2025-09-02 14:39:16.204046+00,2939b11f-ff73-44a3-b716-3260a7272cb3,,,Acura RL (KB1),300,421.6538,,,Acura,RL,2005,6.7,223.7,6.0,3.5 V6,NA,276e9edd-a900-42c8-bfc6-af008b28e756,,🇯🇵
2025-05-15 05:09:22.747092+00,30c73f87-38c7-4cef-a014-c87b0f47a068,GT,,,,,,,Alfa Romeo,GT,2006,,,,,,28ed857f-a801-4f04-b212-8d1c1a62ac55,12,🇮🇹
2025-05-15 05:09:22.747068+00,43e07d5c-59b9-465e-977f-27d54f954bd8,33,,,,,,,Alfa Romeo,33,1988,,,,,,2ed5d50d-d5cc-414d-9641-a55351b88c23,9,🇮🇹
2025-09-02 14:39:16.204046+00,f7e93ac1-f557-4dba-be89-c9c42208ea47,,,Acura MDX (2nd gen) 3.7,300,,,,Acura,MDX 3.7,2007,,223.7,6.0,3.7 V6,NA,306e611c-11ad-408a-ae9d-190958547b4d,,🇯🇵
2025-09-02 14:39:16.204046+00,2a95df24-1b1f-46cb-a3b3-f05045803828,,,Acura TLX 2.0T,272,380.0,,,Acura,TLX 2.0T,2023,6.1,202.8,4.0,2.0 I4 Turbo,Turbo,341f52e9-6c24-410c-a436-23a5bdcc3d94,,🇯🇵
2025-09-02 14:39:16.204046+00,dbfcf80b-14e8-4823-a7a8-bf64a56cd49e,,,Acura Integra (DE4) 1.5T,200,260.0,,,Acura,Integra 1.5T,2023,7.4,149.1,4.0,1.5 I4 Turbo,Turbo,35762f08-bb30-4117-af23-635a146a89a6,,🇯🇵
2025-05-14 15:13:28.852279+00,20942681-68c5-4660-b66f-32f41b587649,Alfa Romeo MiTo,Common,Small sporty hatchback,105,170,184,1160,Alfa Romeo,MiTo,2018,11.2,77,4,1368,Turbo,36740ca6-b0ed-4a82-acd4-e8b357b0fca6,5,🇮🇹
2025-09-02 14:39:16.204046+00,14bc98aa-1a89-4a4b-aec8-fbb1f2939efe,,,Acura RSX Type-S (K20A2),200,192.5236,,,Acura,RSX Type-S,2002,6.2,149.1,4.0,2.0 I4,NA,390a8812-9d82-4f40-ad48-ace04e29c745,,🇯🇵
2025-09-02 14:39:16.204046+00,bbdd9c12-7a7e-44db-89c5-faef4db444fd,,,Acura TL 3.2 (3rd gen),270,322.68039999999996,244.0,1.59,Acura,TL 3.2,2004,6.0,201.3,6.0,3.2 V6,NA,3a9a31a0-d1b5-4b80-a01e-c058faa4ad88,,🇯🇵
2025-05-14 15:13:28.852279+00,6558bb32-eaac-489a-b3ef-cf39eb8b06ad,Alfa Romeo Giulietta,Common,Compact hatchback,120,215,195,1300,Alfa Romeo,Giulietta,2020,9.4,88,4,1368,Turbo,3ba50363-519d-463f-8993-08c6abbe0cd8,4,🇮🇹
2025-09-02 14:39:16.204046+00,c41bc428-a0ff-4feb-aa2c-2ad15f99aa6a,,,Acura Integra 1.5T,200,260.0,,,Acura,Integra 1.5T,2024,7.4,149.1,4.0,1.5 I4 Turbo,Turbo,3caa8ca7-967f-4276-ae42-18c6f12296b3,,🇯🇵
2025-05-15 05:09:22.746628+00,5e0e121e-3439-4557-85bd-df3db2591391,Giulia,,,,,,,Alfa Romeo,Giulia,2020,,,,,,3da14a3f-b1db-4703-8cd8-64f3b69326d8,1,🇮🇹
2025-09-02 14:39:16.204046+00,ee46aad7-f2f3-409b-82c5-5424f4c3cb4a,,,Acura ZDX 3.7,300,,,,Acura,ZDX 3.7,2010,,223.7,6.0,3.7 V6,NA,419f5dbf-47fe-4870-bc78-9a1fc3ab6303,,🇯🇵
2025-03-25 19:09:59.655835+00,421c2206-bc06-4fc7-90a9-e0c010b6285e,Ferrari F40,Legend,ferrari F40,471,577,324,1235,Ferrari,F40,1986,4.1,352,V8,2936,Turbo,438b8c34-cffa-42be-a95a-b32cdc902c53,1,🇮🇹
2025-09-02 14:39:16.204046+00,b726afbc-94c6-4b8b-b3d3-96ff7583e841,,,Acura RL,300,,,,Acura,RL,2010,,223.7,6.0,3.7 V6,NA,43e366a3-a77d-4a69-b99e-c71ce2f98ad8,,🇯🇵
2025-09-02 14:39:16.204046+00,82ca825d-be44-4602-8530-883088df45ea,,,Acura ILX 2.4,201,,,,Acura,ILX 2.4,2021,,149.9,4.0,2.4 I4,NA,4490617f-3616-4dee-b905-4068a4da4264,,🇯🇵
2025-09-02 14:39:16.204046+00,65f43cf7-0aec-4b18-b6c7-5e8785e37c69,,,Acura TLX 2.0T,272,380.0,,,Acura,TLX 2.0T,2023,6.1,202.8,4.0,2.0 I4 Turbo,Turbo,47d33abc-0e79-4c77-896d-a93c41eb1f81,,🇯🇵
2025-09-02 14:39:16.204046+00,997ee12a-6947-49a2-979c-02bfcd3daa38,,,Acura CSX (Canada),155,,,,Acura,CSX,2006,,115.6,4.0,1.8 I4,NA,4989ff6b-4f15-4ccb-95f4-ba52b5b87e14,,🇯🇵
2025-05-15 05:09:22.74701+00,82dfbc01-9068-4127-b5dd-e3f3c5374049,156 Sportwagon,,,,,,,Alfa Romeo,156 Sportwagon,2005,,,,,,4abf2748-96b9-4d32-b973-f743c1a23f41,5,🇮🇹
2025-09-02 14:39:16.204046+00,befb37fd-c3f9-4343-bea7-83ecd3b4d275,,,Acura MDX 3.5,290,,,,Acura,MDX 3.5,2019,,216.3,6.0,3.5 V6,NA,4be84e5a-1e77-46f3-b82c-c78a54f634cb,,🇯🇵
2025-03-27 08:58:15.18484+00,0bc107bd-4ed2-41fb-986b-6e397db93f13,Abarth 595 145,Common,,145,206,210,1035,Abarth,595 145,2016,8,107,4,1368,,4eab9195-25c3-4580-a015-1c8ed82c22b9,6,🇮🇹
2025-09-02 14:39:16.204046+00,7db09570-460e-472e-b5ea-41124c1775eb,,,Acura CSX Type-S (Canada),197,,,,Acura,CSX Type-S,2007,,146.9,4.0,2.0 I4,NA,51e10dd4-d643-43cd-be29-085d3d367e85,,🇯🇵
2025-08-26 06:33:33.195172+00,628eaee1-b77d-4118-8926-1a8251eab333,Ferrari Enzo,Icon,,660,657,350,1365,Ferrari,Enzo,2002,3.6,485,V12,5999,N/A,528269ea-87f6-414c-b749-5c5c504173b4,,🇮🇹
2025-09-02 14:39:16.204046+00,07711827-3d8d-45a4-8979-4338e5f8b0d6,,,Acura RDX 2.3T,240,350.0,,,Acura,RDX 2.3T,2008,,179.0,4.0,2.3 I4 Turbo,Turbo,52c1ccb0-4df4-4e65-b36a-0719c3312fe8,,🇯🇵
2025-09-02 14:39:16.204046+00,702c1f12-288f-410e-bee3-b0b253da2932,,,Acura CL 3.2,225,,,,Acura,CL 3.2,2001,7.0,167.8,6.0,3.2 V6,NA,530b1016-5fb3-44bd-938e-8e8e659252cf,,🇯🇵
2025-09-02 14:39:16.204046+00,b0187c8a-e128-4b5b-8439-1e50d3b10e08,,,Acura Legend (KA8) coupe,230,,,,Acura,Legend Coupe,1993,,171.5,6.0,3.2 V6,NA,53cd3e1d-1d00-40e9-b8cb-7ba70261d4b4,,🇯🇵
2025-09-02 14:39:16.204046+00,f65480f8-e27f-44f4-90bd-94195b4cc31e,,,Acura ZDX Type S (EV),500,,,,Acura,ZDX Type S (EV),2024,4.9,372.9,,Electric,EV,5514f9a1-5a2a-4897-b444-f363c3f14928,,🇯🇵
2025-08-20 13:45:08.457799+00,9f34bcca-343d-4e1f-97e3-ee77aa5bfba5,Alfa Romeo GTV 3.0 V6 24V,Rare,,237,289,255,1445,Alfa Romeo,GTV 3.2,2003,6.7,177,V6,3179,N/A,5632197d-f71f-4440-bd6f-3ebc0179c073,,🇮🇹
2025-09-02 14:39:16.204046+00,6052f4d5-fb2f-407c-9e54-4000da5db382,,,Acura CL 3.2 (Type-S),260,323.0,,,Acura,CL Type-S,2003,6.2,193.9,6.0,3.2 V6,NA,5691b5e9-311f-45b5-896d-338f7983fad5,,🇯🇵
2025-09-02 14:39:16.204046+00,9e586c59-fd09-4665-8869-31ef6b246704,,,Acura Legend,200,,,,Acura,Legend,1990,,149.1,6.0,3.2 V6,NA,571c3bc5-3d77-4977-8f37-527d99695584,,🇯🇵
2025-05-14 15:13:28.852279+00,0e8aa251-4507-451d-bf2d-b4e01b202ec0,Alfa Romeo 4C Spider,Rare,Lightweight sports car,237,350,257,0.895,Alfa Romeo,4C Spider,2020,4.1,177,4,1742,Turbo,5994803b-51ef-4536-a321-2a9ba9bffc4c,3,🇮🇹
2025-09-02 14:39:16.204046+00,675bff57-7def-4e6d-bbb6-05c7068ba45e,,,Acura TLX 2.0T,272,380.0,,,Acura,TLX 2.0T,2023,6.1,202.8,4.0,2.0 I4 Turbo,Turbo,61912a25-92e6-45a3-8a87-d81b910c4ab2,,🇯🇵
2025-03-27 08:37:30.795939+00,758e14d5-01f2-44e9-bd47-e8041da59b84,Ferrari F60 America,Epic,,740,690,330,1600.00,Ferrari,F60 America,2014,3.2,544,V12,6262,Turbo,6227b8e3-27bd-4aa7-8f49-eebc4bf3fcc2,4,🇮🇹
2025-09-02 14:39:16.204046+00,55df6e62-eeb3-4f6e-9374-7d6dd935a75e,,,Acura TL Type-S (UA7),286,347.0848,244.0,1.6,Acura,TL Type-S,2007,5.7,213.3,6.0,3.5 V6,NA,66b8d32d-d3a9-4671-9413-d7861426b43d,,🇯🇵
2025-09-02 14:39:16.204046+00,1a2fdf38-6a84-4874-bec2-ef59521ef9b4,,,Acura RL (KB1 facelift),290,,,,Acura,RL,2008,,216.3,6.0,3.5 V6,NA,66beca5e-5b7a-45e6-aec9-351faa4b323f,,🇯🇵
2025-09-02 14:39:16.204046+00,397389fb-26d1-4545-9312-d20e08093966,,,"Acura EL (2nd gen, Canada)",127,,,,Acura,EL,2001,,94.7,4.0,1.7 I4,NA,6ca00093-e082-49c5-a92b-3b429c22e60d,,🇯🇵
2025-05-15 05:09:22.746954+00,a7ad2d01-ab96-42fe-8410-7e3828606ce1,Tonale,Uncommon,,272,400,225,1600,Alfa Romeo,Tonale,2022,6.5,200,4,1995,Turbo,73aa4fb0-917c-4e58-ae8c-165cc69bef80,3,🇮🇹
2025-09-02 14:39:16.204046+00,db8a0e13-924c-4349-8f0c-2bd0606f3484,,,Acura NSX NA1 3.0 manual,270,386.40299999999996,270.0,1.37,Acura,NSX NA1 3.0 MT,1991,5.9,201.3,6.0,3.0 V6,NA,74695e58-0983-4f71-8082-dcb2a71d372c,,🇯🇵
2025-09-02 14:39:16.204046+00,61381dec-6e57-40dc-93f3-75ebc343cb2e,,,Acura TSX 2.4 (CL9),200,222.0,,,Acura,TSX 2.4,2004,7.6,149.1,4.0,2.4 I4,NA,77b315de-d333-4eb5-9583-17d9b9ba0546,,🇯🇵
2025-09-02 14:39:16.204046+00,57f7695a-6753-4aa6-a19b-cba820703118,,,Acura TLX 2.0T,272,380.0,,,Acura,TLX 2.0T,2023,6.1,202.8,4.0,2.0 I4 Turbo,Turbo,780f5a1b-edb3-4f5f-8a51-e2e40d4c9e8e,,🇯🇵
2025-08-20 13:29:52.253344+00,75b89ffe-2bd5-469e-ac69-01379702ca4c,Alfa romeo SZ V6 Zagato,Rare,,210,245,245,1260,Alfa Romeo,SZ Zagato,1989,7,154,V6,2959,N/A,788255c3-6f27-45aa-9577-074c2c7cf852,,🇮🇹
2025-09-02 14:39:16.204046+00,9434cbe4-6e21-4ff3-90d4-8f1bec3acf13,,,Acura RDX (1st gen) 2.3T,240,350.0,,,Acura,RDX 2.3T,2007,,179.0,4.0,2.3 I4 Turbo,Turbo,7abdf310-89b2-4d95-9428-dbb6fed93ba5,,🇯🇵
2025-09-02 14:39:16.204046+00,eab21a3c-fec1-4526-8a25-1a6915322867,,,Acura MDX 3.5,290,,,,Acura,MDX 3.5,2016,,216.3,6.0,3.5 V6,NA,7f469009-865d-4511-a18c-13ca28397dc5,,🇯🇵
2025-05-15 05:09:22.747077+00,efb6f876-4d96-4d39-af34-56620b0db9c6,75,,,,,,,Alfa Romeo,75,1987,,,,,,7fb43d8f-33c1-4939-afc3-9fe62063025f,10,🇮🇹
2025-09-02 14:39:16.204046+00,8cc5d9c6-eb62-462a-8e76-9c76c2827231,,,Acura Integra GS-R (DC2),170,173.5424,,,Acura,Integra GS-R,1994,,126.8,4.0,1.8 I4,NA,823f1479-d0b4-4adf-8e08-ad0e8a1e921b,,🇯🇵
2025-09-02 14:39:16.204046+00,02ef2534-acca-4109-a2da-bb3e21489037,,,Acura TLX 2.0T,272,380.0,,,Acura,TLX 2.0T,2023,6.1,202.8,4.0,2.0 I4 Turbo,Turbo,82bd4fbe-d377-4f74-9ff4-a3478a2321d5,,🇯🇵
2025-05-15 05:09:22.747058+00,0096f155-b82f-41de-b7ae-6f94e404f312,4C,,,,,,,Alfa Romeo,4C,2015,,,,,,82cd5d43-fb1a-4c53-a6e4-000c23142e3c,8,🇮🇹
2025-09-02 14:39:16.204046+00,f4e9c483-aaee-42d4-a629-08cbba1a8d42,,,Acura TL 3.2,270,322.68039999999996,,1.59,Acura,TL 3.2,2005,6.0,201.3,6.0,3.2 V6,NA,8554b7da-9e4b-44f4-89f1-633ec9532c03,,🇯🇵
2025-09-02 14:39:16.204046+00,ee615cc0-258c-4f70-9003-e426631ded65,,,"Acura EL (1st gen, Canada)",127,,,,Acura,EL,1997,,94.7,4.0,1.6 I4,NA,87a0c0f6-813f-40c9-ae2c-5ce69eb36ced,,🇯🇵
2025-09-02 14:39:16.204046+00,8c7d84f1-f29c-4d71-980b-769dca8f15b9,,,Acura RDX 2.3T,240,350.0,,,Acura,RDX 2.3T,2010,,179.0,4.0,2.3 I4 Turbo,Turbo,87c5211c-eacf-4a44-b620-38fc6d66c1b2,,🇯🇵
2025-09-02 14:39:16.204046+00,221c2efd-3f08-461a-baa9-116a262233ae,,,Acura TL 3.2 (SAE rev.),258,322.68039999999996,,,Acura,TL 3.2 (SAE rev.),2006,6.2,192.4,6.0,3.2 V6,NA,89053221-de58-4825-bf01-ba7474075682,,🇯🇵
2025-09-02 14:39:16.204046+00,938da0c4-50d5-4962-8176-eeb988a1c608,,,Acura TLX 2.0T,272,380.0,,,Acura,TLX 2.0T,2023,6.1,202.8,4.0,2.0 I4 Turbo,Turbo,8a4be06a-b7aa-4745-a1e7-8447b7d5b859,,🇯🇵
2025-09-02 14:39:16.204046+00,249dc65d-905e-4437-9e83-81416ae2e81e,,,Acura TLX 2.0T,272,380.0,,,Acura,TLX 2.0T,2023,6.1,202.8,4.0,2.0 I4 Turbo,Turbo,8cde598e-8c9b-4410-9ae0-b4331a0cdc31,,🇯🇵
2025-09-02 14:39:16.204046+00,e14ff58d-a6ad-4f3d-9276-34eddbefcc0c,,,Acura TSX 2.4,201,233.0,,,Acura,TSX 2.4,2012,7.7,149.9,4.0,2.4 I4,NA,8da8fd5c-8258-49c3-8c83-8cee0676386d,,🇯🇵
2025-09-02 14:39:16.204046+00,d4dcf98b-dddb-4491-ad72-9bf28d83d472,,,Acura ILX 2.4,201,,,,Acura,ILX 2.4,2019,,149.9,4.0,2.4 I4,NA,8ea565ef-39b5-43eb-98e8-6fe606ce6076,,🇯🇵
2025-09-02 14:39:16.204046+00,4b0986ea-9c9a-4f5f-9c9f-760b3e070af0,,,Acura TLX 2.0T (2nd gen),272,380.0,,,Acura,TLX 2.0T,2021,6.1,202.8,4.0,2.0 I4 Turbo,Turbo,926812d3-63bf-4738-bc70-bb1860e7d4c6,,🇯🇵
2025-05-15 05:09:22.747121+00,1373d28a-4df4-47b8-ac5a-0c767891f4e5,159,,,,,,,Alfa Romeo,159,2008,,,,,,94e6178e-ab68-40a6-817c-72657ce8a3b4,14,🇮🇹
2025-09-02 14:39:16.204046+00,a8a209b8-f20e-4bec-8f88-c208560ff161,,,Acura TLX 2.0T,272,380.0,,,Acura,TLX 2.0T,2023,6.1,202.8,4.0,2.0 I4 Turbo,Turbo,953946fa-46e7-4db4-9c42-04ac674024de,,🇯🇵
2025-09-02 14:39:16.204046+00,fb9b7b3b-4dbd-427c-bfb3-f594304f88e4,,,Acura ILX 2.4,201,,,,Acura,ILX 2.4,2016,,149.9,4.0,2.4 I4,NA,975cb42f-deec-4506-b1a0-10512011626d,,🇯🇵
2025-09-02 14:39:16.204046+00,0e7a63a9-acf4-4cdb-8ad9-b4fe7d7c46f2,,,Acura Integra Type R (USDM facelift),195,176.254,,,Acura,Integra Type R (US),2001,6.8,145.4,4.0,1.8 I4,NA,99864aeb-488e-4e14-b02c-9eda33ffb33a,,🇯🇵
2025-09-02 14:39:16.204046+00,14de534f-8079-48c7-a1f4-38690fc2edaa,,,Acura TL SH-AWD,305,,,,Acura,TL SH-AWD,2009,5.5,227.4,6.0,3.7 V6,NA,9a18ffd1-e601-41b7-a77a-f3c0bbc8c6bb,,🇯🇵
2025-09-02 14:39:16.204046+00,653f495c-57d8-4216-8c24-4460e3f03b74,,,Acura Integra 1.5T,200,260.0,,,Acura,Integra 1.5T,2025,7.4,149.1,4.0,1.5 I4 Turbo,Turbo,9c773515-0872-49af-a2cc-45674104a454,,🇯🇵
2025-03-27 15:44:12.536801+00,3e2fa95c-7dde-462a-b413-0d1d57a0f00f,Abarth 595 165 Turismo,Rare,,165,230,218,,Abarth,595,2016,"7,3",121,4,1368,,a437d305-c87c-4ee9-b306-21112c58cd93,8,🇮🇹
2025-08-26 13:26:37.674362+00,1b79d347-b198-4f08-ba91-54d5f5fe5161,Ferrari F40 Competizione,Icon,,690,-,367,1040,Ferrari,F40 competizione,1989,-,515,V8,2936,Turbo,a486dff3-a42c-4694-9654-07c3ace73a7b,,🇮🇹
2025-09-02 14:39:16.204046+00,61e578a9-b193-4a08-b3aa-7e2f472e972f,,,Acura SLX (Isuzu Trooper),190,255.0,,,Acura,SLX,1996,,141.7,6.0,3.2 V6,NA,a55fbb18-e468-4f84-9ca2-7b69f61f3c18,,🇯🇵
2025-09-02 14:39:16.204046+00,10c96802-0862-4e65-abd7-83e15feea741,,,Acura RLX Sport Hybrid,377,,,,Acura,RLX Sport Hybrid,2014,5.4,281.1,6.0,3.5 V6 + 3 motors,Hybrid,a8c4d490-8f97-4de5-92fa-26c2a83c7cca,,🇯🇵
2025-09-02 14:39:16.204046+00,5a06f4c1-b1e1-4195-adc1-d52539af663f,,,Acura Vigor (CC2),176,225.0,,,Acura,Vigor,1992,,131.2,5.0,2.5 I5,NA,a967f189-5988-4ca0-b0c4-956e6e0f8a9f,,🇯🇵
2025-09-02 14:39:16.204046+00,17d0c831-4da0-4573-8767-7b6ba0cf28ae,,,Acura TLX 2.0T,272,380.0,,,Acura,TLX 2.0T,2023,6.1,202.8,4.0,2.0 I4 Turbo,Turbo,ae853efe-cca8-4324-8c76-b0160d30dbad,,🇯🇵
2025-09-02 14:39:16.204046+00,942ea0d1-8bdb-4824-bdc4-d270a39cab45,,,Acura Legend,160,,,,Acura,Legend,1986,,119.3,6.0,2.5 V6,NA,aea52ba9-4ebe-40de-be6a-f4aff11436c0,,🇯🇵
2025-09-02 14:39:16.204046+00,fc43144c-51a1-4a9d-8ffe-0d520d263a32,,,Acura TSX 2.4,201,233.0,,,Acura,TSX 2.4,2006,7.6,149.9,4.0,2.4 I4,NA,af5bf4fd-0366-4154-83cc-92a7c35b6b7f,,🇯🇵
2025-09-02 14:39:16.204046+00,4ca13ccf-1c01-42b2-9a39-237d202416a2,,,Acura RLX Sport Hybrid,377,,,,Acura,RLX Sport Hybrid,2017,5.3,281.1,6.0,3.5 V6 Hybrid,Hybrid,b02f7e6c-9db0-46ae-8e13-50c21ecce4a1,,🇯🇵
2025-09-02 14:39:16.204046+00,23aacd3f-ec06-45d8-8ac4-f010d5c8229f,,,Acura Integra Type S (DE5),320,420.0,,,Acura,Integra Type S,2024,5.0,238.6,4.0,2.0 I4 Turbo,Turbo,b28ab6ce-3bee-46e5-b06a-d8d2e58101b1,,🇯🇵
2025-09-02 14:39:16.204046+00,ff4ce37d-8428-4939-b348-af8b455811d9,,,Acura Legend (KA7) sedan,200,,,,Acura,Legend,1991,,149.1,6.0,3.2 V6,NA,b540344f-fc91-4523-a26b-ba3399f60217,,🇯🇵
2025-05-15 05:09:22.747084+00,9017d63e-2146-4c49-bc4f-fe6e6efc6bb5,Spider,Uncommon,,126,177,190,1280,Alfa Romeo,Spider,1990,10.4,93,4,1962,N/A,b5c69c07-5734-4970-9826-589bad2917dd,11,🇮🇹
2025-03-27 15:39:57.999519+00,a1ab3e3b-0695-48ab-b2d5-b9c019517959,Abarth,,,,,,,Abarth,500,,,160,,,,ba5e0c4e-b52a-41eb-9d1d-af6be4423b37,7,🇮🇹
2025-09-02 14:39:16.204046+00,039994e3-b810-459b-bfb3-e1bb70e9216f,,,Acura ZDX 3.7,300,,,,Acura,ZDX 3.7,2012,,223.7,6.0,3.7 V6,NA,bae26b7d-1e9e-491e-b31c-ab17cf210dbe,,🇯🇵
2025-09-02 14:39:16.204046+00,6e82f7f1-360d-40a2-9e69-8d29d6f97f40,,,Acura MDX Sport Hybrid,321,,,,Acura,MDX Sport Hybrid,2017,,239.4,6.0,3.0 V6 Hybrid,Hybrid,bbda967b-8a1e-40ec-90a4-31a29f153d33,,🇯🇵
2025-09-02 14:39:16.204046+00,8970d4a1-17a7-4bbc-85ff-e5aa16d0c6de,,,Acura NSX (NC1) Hybrid,573,645.3607999999999,307.0,1.725,Acura,NSX NC1,2017,2.9,427.3,6.0,3.5 TT V6 + 3 e-motors,Twin-turbo + Hybrid,bec5dfcb-e258-4ed5-b1bc-a416da8f68ca,,🇯🇵
2025-09-02 14:39:16.204046+00,287a2ebb-1d6f-4c26-ae3c-63cf62c6d61b,,,Acura Vigor,176,225.0,,,Acura,Vigor,1994,,131.2,5.0,2.5 I5,NA,c0428b9e-cdb5-4a9d-bdb8-de891a113c0c,,🇯🇵
2025-05-15 05:09:22.747042+00,682b1ecf-85de-4ff7-bd59-2199b504ed82,"MiTo 1.4 TB MultiAir (170 Hp) TCT ",common,,170,250,219,1170,Alfa Romeo,MiTo,2016,7.4,125,4,1368,Turbo,c19953f3-16db-4141-ab38-b49d516b08d6,7,🇮🇹
2025-09-02 14:39:16.204046+00,5cbc8b60-adab-4c53-aee9-0895a9c3d978,,,Acura NSX (NC1) update,573,645.3607999999999,307.0,,Acura,NSX NC1,2019,3.0,427.3,6.0,3.5 TT V6 + 3 e-motors,Twin-turbo + Hybrid,c28cb29e-44fa-4d3b-b07a-31fd979d2039,,🇯🇵
2025-09-02 14:39:16.204046+00,694e8177-08fd-42cd-9894-5f5c9e88e358,,,Acura MDX Type S (4th gen),355,480.0,,,Acura,MDX Type S,2022,5.5,264.7,6.0,3.0 V6 Turbo,Turbo,c4d423a1-3203-418e-8813-119d0e92448c,,🇯🇵
2025-08-21 12:33:23.819234+00,fda0ed53-2202-43d0-a839-968ae0214a3f,Ferrari F50 GT,Legend,,740,529,376,907,Ferrari,F50 GT,1996,2.9,552,V12,4698,N/A,c690d194-e886-4606-8369-f7faa6879c31,,🇮🇹
2025-03-27 08:44:10.817225+00,f3dfd12f-79cd-4886-a118-4d393c607ba0,Abarth 124 spider,Common,,170,250,222,1060,Abarth,124 Spider,2016,6.8,125,4,1368,,c6a9e70b-43ec-4686-9c9f-12228cac6173,5,🇮🇹
2025-04-09 06:28:47.401868+00,5b96ac3c-13c0-4ff7-8421-947992841ce1,Alfa Roméo 145 930,Rare,,155,187,211,1240,Alfa Romeo,155 930,1999,"8,3",131.11,4,2.0,N.A,c89550ed-c06a-4f0d-92ee-401d6be2894e,9,🇮🇹
2025-09-02 14:39:16.204046+00,e55258cc-bb6a-44c1-9fdf-e1115fab1014,,,Acura TL 3.2,270,,,,Acura,TL 3.2,2004,6.0,201.3,6.0,3.2 V6,NA,c95a0be5-ec77-4081-9725-eaeb91dd8284,,🇯🇵
2025-09-02 14:39:16.204046+00,1392cd1e-85a7-4fec-ba7f-ca791ab814ff,,,Acura RSX Type-S (K20Z1),210,193.87939999999998,,,Acura,RSX Type-S,2005,6.0,156.6,4.0,2.0 I4,NA,c9675b8d-5e9a-47b1-872a-10cd38a30ac7,,🇯🇵
2025-09-02 14:39:16.204046+00,64104458-ae4c-4d99-9611-73ee1a43b7b2,,,Acura RDX 2.0T,272,380.0,,,Acura,RDX 2.0T,2022,,202.8,4.0,2.0 I4 Turbo,Turbo,d04ad96d-4c7a-4142-91fa-2d56062bb6ce,,🇯🇵
2025-09-02 14:39:16.204046+00,566dc301-0335-450c-b07f-a4c86a9769a0,,,Acura CSX,155,,,,Acura,CSX,2008,,115.6,4.0,1.8 I4,NA,d2d046e8-4813-410a-80f0-084e7a3a1bc3,,🇯🇵
2025-09-02 14:39:16.204046+00,9fabd438-dd37-4469-b370-a3cc87783648,,,Acura TLX 3.5 V6 (1st gen),290,361.99859999999995,,,Acura,TLX 3.5 V6,2015,6.3,216.3,6.0,3.5 V6,NA,d35af0b0-e18f-41b9-a19d-c37082b2b60d,,🇯🇵
2025-09-02 14:39:16.204046+00,dfb749f1-74a6-40d0-9d47-346a40daee57,,,Acura TLX 2.0T,272,380.0,,,Acura,TLX 2.0T,2023,6.1,202.8,4.0,2.0 I4 Turbo,Turbo,d6ee9aed-8b30-47d0-bbe4-60cfc7b69b81,,🇯🇵
2025-03-26 13:10:42.086706+00,f60e6074-36d0-43ab-9ef2-40cd8c975696,Alfa romeo 8C competizione,Legend,,452,480,306,1585,Alfa Romeo,8C Competizione,2007,3.8,331,8,4691,N/A,da3396fc-8092-4ce2-a837-b57adbd6c339,3,🇮🇹
2025-09-02 14:39:16.204046+00,0523f306-cfd7-473b-972c-cc3d0f9e7418,,,Acura TLX Type S,355,480.0,250.0,,Acura,TLX Type S,2024,4.5,264.7,6.0,3.0 V6 Turbo,Turbo,dc67ace3-c55c-499b-8101-3dc42e27e163,,🇯🇵
2025-09-02 14:39:16.204046+00,e36ee852-a426-455b-b3b9-49107d4830f0,,,Acura TLX Type S (UB7),355,480.0,250.0,1.83,Acura,TLX Type S,2021,4.5,264.7,6.0,3.0 V6 Turbo,Turbo,dd4453f1-262d-4e65-81ab-47ef995dc985,,🇯🇵
2025-05-14 15:13:28.852279+00,03c46cb2-a231-46fb-9080-2d08a46c60a0,Alfa Romeo Giulia Quadrifoglio,Epic,Giulia Quadrifoglio high performance,505,600,307,1.524,Alfa Romeo,Giulia Quadrifoglio,2021,3.8,375,6,2891,Turbo,ddd4d510-67eb-4616-8c56-dbc08d52ae42,1,🇮🇹
2025-08-27 09:02:42.254436+00,1b07e31f-2293-42bb-8290-e3607bcb192d,Alfa romeo 155 GTA Stradale,Legend,,187,297,-,1230,Alfa Romeo,155 GTA Stradale,1994,-,137,L4,2000,-,de94b5ea-db12-465d-ad6e-74e440a35695,,🇮🇹
2025-05-15 05:09:22.747193+00,c9fb0fed-348f-45c7-8890-6cfa6f7e593f,145,,,,,,,Alfa Romeo,145,1998,,,,,,e084d00a-b9ac-4a83-a2c6-1cdf19e4c7dd,19,🇮🇹
2025-05-15 05:09:22.747204+00,f9df15ad-19ab-415d-82a0-016c1b8272ff,146,,,,,,,Alfa Romeo,146,1998,,,,,,e429d41a-191d-48f1-b72a-23a9b64527a2,20,🇮🇹
2025-05-15 05:09:22.74718+00,1994b985-16af-4add-a276-6cf988a01265,155,,,,,,,Alfa Romeo,155,1994,,,,,,e487e51a-ab95-45ea-90dd-d64b9fc7ec3f,18,🇮🇹
2025-04-09 07:53:56.306512+00,3fbd644e-fd12-4230-9174-7066c13219fc,Alfa Romeo 145 930,Rare,,105,255,185,1200,Alfa Romeo,145 930,1999,10.4,77,4,1910,Turbo,e6a6b5c9-6ae0-4e02-9727-743dcec1f23c,10,🇮🇹
2025-09-02 14:39:16.204046+00,de84d293-95a6-4726-9fe1-9676c3edf7d8,,,Acura RDX (3rd gen) 2.0T,272,380.0,,,Acura,RDX 2.0T,2019,,202.8,4.0,2.0 I4 Turbo,Turbo,e7961168-adad-4740-999d-95236d183e80,,🇯🇵
2025-09-02 14:39:16.204046+00,6d5e1cc2-3b29-4dcb-ad27-e5e2cc7be571,,,Acura EL,127,,,,Acura,EL,2000,,94.7,4.0,1.6 I4,NA,e7c71154-db04-46b4-b859-fa97cfeaa111,,🇯🇵
2025-05-15 05:09:22.746985+00,0de34a0c-ae2a-43f3-bde7-7f777c6244ec,147 GTA,,,,,,,Alfa Romeo,147 GTA,2003,,,,,,e813dc36-f514-42a8-bead-229f96082347,4,🇮🇹
2025-05-15 05:09:22.747108+00,5d281821-3dd0-4af2-af92-13583bd496e8,GTV,Rare,Alfa Romeo GTV (116),160,213,205,1210,Alfa Romeo,GTV,1980,8.3,118,V6,2492,N/A,e8c6fe66-10e0-4699-a2ba-f95b5ce4e893,13,🇮🇹
2025-09-02 14:39:16.204046+00,6a7efd2c-49bf-4069-a08c-834182161a5e,,,Acura TLX 2.0T,272,380.0,,,Acura,TLX 2.0T,2023,6.1,202.8,4.0,2.0 I4 Turbo,Turbo,e9805c76-5272-449b-abe2-1fac799d4881,,🇯🇵
2025-09-02 14:39:16.204046+00,6e99c953-c861-4af7-bcfe-2d9231f6064e,,,Acura MDX (3rd gen) 3.5,290,,,,Acura,MDX 3.5,2014,,216.3,6.0,3.5 V6,NA,eafa1402-bedb-4984-a706-ecebb59e91e0,,🇯🇵
2025-09-02 14:39:16.204046+00,611a69e5-5b94-46b4-ab9a-9509357b66ac,,,Acura RSX base (DC5),160,191.16779999999997,,,Acura,RSX Base,2002,,119.3,4.0,2.0 I4,NA,ebd005c9-e76c-44d5-aaa3-f8bf98bc0bf5,,🇯🇵
2025-09-02 14:39:16.204046+00,688d9c34-a645-4c97-8555-584bfbdc9a77,,,Acura NSX Type S (NC1),600,,307.0,,Acura,NSX Type S,2022,2.9,447.4,6.0,3.5 TT V6 + 3 e-motors,Twin-turbo + Hybrid,f024389f-d3e4-4afe-92ad-796794b6f993,,🇯🇵
2025-05-15 05:09:22.747151+00,2e98f32d-cd55-4fc1-b78f-856603445a7c,166,,,,,,,Alfa Romeo,166,2004,,,,,,f06362af-51a9-4048-86d2-a2c48ea90f02,16,🇮🇹
2025-09-02 14:39:16.204046+00,fce44ec9-bdd5-4952-98a9-e0a82d0f3e3f,,,Acura TLX 2.0T,272,380.0,,,Acura,TLX 2.0T,2023,6.1,202.8,4.0,2.0 I4 Turbo,Turbo,f18aefbb-52fc-405d-9f1f-cf3c24b2d34f,,🇯🇵
2025-09-02 14:39:16.204046+00,c7220c5e-6981-4085-a475-16680737f1f7,,,Acura MDX Type S,355,480.0,,,Acura,MDX Type S,2023,5.5,264.7,6.0,3.0 V6 Turbo,Turbo,f460647d-71b6-4fee-ae6c-3bbe7778dcb9,,🇯🇵
2025-09-02 14:39:16.204046+00,930693b3-f224-4d93-b9ca-ca2113ac7b57,,,Acura TSX Sport Wagon,201,233.0,,,Acura,TSX Sport Wagon,2011,,149.9,4.0,2.4 I4,NA,f512a353-9faa-4cb2-a082-81ef48736800,,🇯🇵
2025-05-15 05:09:22.747129+00,24d625d9-2aa9-4b5d-9faf-69376f14c17e,Giulietta,,,,,,,Alfa Romeo,Giulietta,2016,,,,,,fabb9766-c6a4-4c50-8ba9-39cf76fddb7e,15,🇮🇹
2025-09-02 14:39:16.204046+00,3ba6ff76-c7a6-47bf-ac59-a6a16a2e61b7,,,Acura RLX,310,368.0,,,Acura,RLX,2017,6.2,231.2,6.0,3.5 V6,NA,ff075235-f0a2-4f53-84e3-d455a3941fc4,,🇯🇵
2025-05-15 05:09:22.747024+00,5c7f80b8-19e7-4922-a905-be616266967f,Brera,,,,,,,Alfa Romeo,Brera,2007,,,,,,ffbf2693-7a10-4c51-bd15-81c957ae358d,6,🇮🇹